Workbook

Sheet Read me
A1: SkillNavora · Data Science & AI Handbook
A2: Lesson 7: Lookup Functions: VLOOKUP, XLOOKUP and INDEX-MATCH
A4: Each sheet matches one example in the lesson. Formulas are live: change the inputs and watch the results update.
A5: Sample data is fictional. Created by Varun Kumar for learners.

Sheet Prod
A1: Product ID | B1: Product | C1: Category | D1: Price | E1: Stock
A2: P101 | B2: Office Chair | C2: Furniture | D2: 4500 | E2: 32
A3: P102 | B3: Standing Desk | C3: Furniture | D3: 18500 | E3: 8
A4: P103 | B4: Laser Printer | C4: Technology | D4: 12900 | E4: 15
A5: P104 | B5: Notebook Pack | C5: Office Supplies | D5: 240 | E5: 540
A6: P105 | B6: Smartphone | C6: Technology | D6: 21999 | E6: 27
A7: P106 | B7: Bookcase | C7: Furniture | D7: 7600 | E7: 0

Sheet 1. Prod product lookup table (A
A1: Product ID | B1: Product | C1: Category | D1: Price | E1: Stock
A2: P101 | B2: Office Chair | C2: Furniture | D2: 4500 | E2: 32
A3: P102 | B3: Standing Desk | C3: Furniture | D3: 18500 | E3: 8
A4: P103 | B4: Laser Printer | C4: Technology | D4: 12900 | E4: 15
A5: P104 | B5: Notebook Pack | C5: Office Supplies | D5: 240 | E5: 540
A6: P105 | B6: Smartphone | C6: Technology | D6: 21999 | E6: 27
A7: P106 | B7: Bookcase | C7: Furniture | D7: 7600 | E7: 0

Sheet 2. Order lines looking up produ
A1: Order | B1: Product ID | C1: Qty | D1: Product =VLOOKUP(B2,Prod!$A$2:$E$7,2,FALSE) | E1: Price | F1: Amount
A2: 1001 | B2: P103 | C2: 2 | D2: =VLOOKUP(B2,Prod!$A$2:$E$7,2,FALSE) | E2: =VLOOKUP(B2,Prod!$A$2:$E$7,4,FALSE) | F2: =C2*E2
A3: 1002 | B3: P101 | C3: 6 | D3: =VLOOKUP(B3,Prod!$A$2:$E$7,2,FALSE) | E3: =VLOOKUP(B3,Prod!$A$2:$E$7,4,FALSE) | F3: =C3*E3
A4: 1003 | B4: P105 | C4: 1 | D4: =VLOOKUP(B4,Prod!$A$2:$E$7,2,FALSE) | E4: =VLOOKUP(B4,Prod!$A$2:$E$7,4,FALSE) | F4: =C4*E4
A5: 1004 | B5: P104 | C5: 20 | D5: =VLOOKUP(B5,Prod!$A$2:$E$7,2,FALSE) | E5: =VLOOKUP(B5,Prod!$A$2:$E$7,4,FALSE) | F5: =C5*E5
A6: 1005 | B6: P109 | C6: 3 | D6: =VLOOKUP(B6,Prod!$A$2:$E$7,2,FALSE) | E6: =VLOOKUP(B6,Prod!$A$2:$E$7,4,FALSE) | F6: =C6*E6

Sheet 3. Approximate match for commis
A1: Sales from | B1: Commission | D1: Rep | E1: Sales | F1: Rate | G1: Commission
A2: 0 | B2: 0 | D2: Asha | E2: 85000 | F2: =VLOOKUP(E2,$A$2:$B$6,2,TRUE) | G2: =E2*F2
A3: 100000 | B3: 0.03 | D3: Ravi | E3: 240000 | F3: =VLOOKUP(E3,$A$2:$B$6,2,TRUE) | G3: =E3*F3
A4: 250000 | B4: 0.05 | D4: Meera | E4: 250000 | F4: =VLOOKUP(E4,$A$2:$B$6,2,TRUE) | G4: =E4*F4
A5: 500000 | B5: 0.07 | D5: Kabir | E5: 610000 | F5: =VLOOKUP(E5,$A$2:$B$6,2,TRUE) | G5: =E5*F5
A6: 1000000 | B6: 0.1 | D6: Zoya | E6: 1200000 | F6: =VLOOKUP(E6,$A$2:$B$6,2,TRUE) | G6: =E6*F6

Sheet 4. HLOOKUP across a horizontal 
A1: Month | B1: Jan | C1: Feb | D1: Mar | E1: Apr | G1: Find month | H1: Mar
A2: Target | B2: 120 | C2: 130 | D2: 145 | E2: 150 | G2: Target → | H2: =HLOOKUP(H1,$A$1:$E$3,2,FALSE)
A3: Actual | B3: 118 | C3: 136 | D3: 139 | E3: 162 | G3: Actual → | H3: =HLOOKUP(H1,$A$1:$E$3,3,FALSE)

Sheet 5. XLOOKUP examples (lookup tab
A1: Need | B1: Formula | C1: Result
A2: Price of P105 | B2: =XLOOKUP("P105",Prod!A2:A7,Prod!D2:D7) | C2: =_xlfn.XLOOKUP("P105",Prod!A2:A7,Prod!D2:D7)
A3: ID of "Bookcase" (left lookup) | B3: =XLOOKUP("Bookcase",Prod!B2:B7,Prod!A2:A7) | C3: =_xlfn.XLOOKUP("Bookcase",Prod!B2:B7,Prod!A2:A7)
A4: Missing ID with a message | B4: =XLOOKUP("P109",Prod!A2:A7,Prod!B2:B7,"Not found") | C4: =_xlfn.XLOOKUP("P109",Prod!A2:A7,Prod!B2:B7,"Not found")
A5: Product, category and price at once | B5: =XLOOKUP("P103",Prod!A2:A7,Prod!B2:D7) | C5: =_xlfn.XLOOKUP("P103",Prod!A2:A7,Prod!B2:D7)
A6: Last Furniture item in the list | B6: =XLOOKUP("Furniture",Prod!C2:C7,Prod!B2:B7,,0,-1) | C6: =_xlfn.XLOOKUP("Furniture",Prod!C2:C7,Prod!B2:B7,,0,-1)
A7: Product name containing "Desk" | B7: =XLOOKUP("*Desk*",Prod!B2:B7,Prod!D2:D7,,2) | C7: =_xlfn.XLOOKUP("*Desk*",Prod!B2:B7,Prod!D2:D7,,2)

Sheet 6. INDEX returns a value at a p
A1: State | B1: City | C1: Population 2011 (mn) | E1: Formula | F1: Result
A2: Maharashtra | B2: Mumbai | C2: 18.4 | E2: =INDEX(A2:C6,2,1) | F2: =INDEX(A2:C6,2,1)
A3: Delhi | B3: Delhi | C3: 16.3 | E3: =MATCH("Ahmedabad",B2:B6,0) | F3: =MATCH("Ahmedabad",B2:B6,0)
A4: Gujarat | B4: Ahmedabad | C4: 6.4 | E4: =MATCH("Population 2011 (mn)",A1:C1,0) | F4: =MATCH("Population 2011 (mn)",A1:C1,0)
A5: West Bengal | B5: Kolkata | C5: 14.1 | E5: =INDEX(C2:C6,MATCH("Kolkata",B2:B6,0)) | F5: =INDEX(C2:C6,MATCH("Kolkata",B2:B6,0))
A6: Karnataka | B6: Bengaluru | C6: 8.5 | E6: =INDEX(A2:A6,MATCH("Ahmedabad",B2:B6,0)) | F6: =INDEX(A2:A6,MATCH("Ahmedabad",B2:B6,0))

Sheet 7. Two-way lookup =INDEX($B$2$E
A1: EmpName | B1: DepartmentID | C1: JobTitle | D1: Salary | E1: City
A2: Employee_1 | B2: D10 | C2: Developer | D2: 82000 | E2: Pune | G2: Employee | H2: JobTitle | I2: Salary
A3: Employee_2 | B3: D20 | C3: Analyst | D3: 68000 | E3: Delhi | G3: Employee_4 | H3: =INDEX($B$2:$E$6,MATCH($G3,$A$2:$A$6,0),MATCH(H$2,$B$1:$E$1,0)) | I3: =INDEX($B$2:$E$6,MATCH($G3,$A$2:$A$6,0),MATCH(I$2,$B$1:$E$1,0))
A4: Employee_3 | B4: D10 | C4: Tester | D4: 54000 | E4: Pune | G4: Employee_2 | H4: =INDEX($B$2:$E$6,MATCH($G4,$A$2:$A$6,0),MATCH(H$2,$B$1:$E$1,0)) | I4: =INDEX($B$2:$E$6,MATCH($G4,$A$2:$A$6,0),MATCH(I$2,$B$1:$E$1,0))
A5: Employee_4 | B5: D30 | C5: Manager | D5: 125000 | E5: Mumbai
A6: Employee_5 | B6: D20 | C6: Developer | D6: 79000 | E6: Delhi

Sheet 8. CHOOSE examples
A1: Input | B1: Formula | C1: Result
A2: 2 | B2: =CHOOSE(A2,"Bronze","Silver","Gold") | C2: =CHOOSE(A2,"Bronze","Silver","Gold")
A3: 46139 | B3: =CHOOSE(WEEKDAY(A3,2),"Mon","Tue","Wed","Thu","Fri","Sat","Sun") | C3: =CHOOSE(WEEKDAY(A3,2),"Mon","Tue","Wed","Thu","Fri","Sat","Sun")
A4: 46249 | B4: ="Q"&CHOOSE(MONTH(A4),4,4,4,1,1,1,2,2,2,3,3,3) | C4: ="Q"&CHOOSE(MONTH(A4),4,4,4,1,1,1,2,2,2,3,3,3)
